{
  "version": "1.0",
  "timestamp": "2025-12-25T16:51:41.598549",
  "video_base": "boiler room fire large room",
  "frame_index": 88,
  "class_mapping": {
    "flame": 0,
    "spark": 1,
    "ember": 2,
    "heat_haze": 3,
    "smoke": 4,
    "smoke_heavy": 5,
    "smoke_toxic": 6,
    "steam": 7,
    "damaged_vent": 8,
    "structural_deform": 9,
    "equipment_leak": 10,
    "pressure_vessel": 11,
    "person": 12,
    "person_protected": 13,
    "person_distress": 14,
    "person_rescuer": 15,
    "vehicle": 16,
    "ship": 17,
    "aircraft": 18,
    "industrial_vehicle": 19,
    "fire_extinguisher": 20,
    "emergency_exit": 21,
    "sprinkler": 22,
    "alarm_light": 23,
    "indoor": 24,
    "outdoor": 25,
    "confined_space": 26,
    "road": 27,
    "unclassified_fire": 28,
    "unclassified_smoke": 29,
    "non_threat": 30
  },
  "leaf_classes": [
    "flame",
    "spark",
    "ember",
    "heat_haze",
    "smoke",
    "smoke_heavy",
    "smoke_toxic",
    "steam",
    "damaged_vent",
    "structural_deform",
    "equipment_leak",
    "pressure_vessel",
    "person",
    "person_protected",
    "person_distress",
    "person_rescuer",
    "vehicle",
    "ship",
    "aircraft",
    "industrial_vehicle",
    "fire_extinguisher",
    "emergency_exit",
    "sprinkler",
    "alarm_light",
    "indoor",
    "outdoor",
    "confined_space",
    "road",
    "unclassified_fire",
    "unclassified_smoke",
    "non_threat"
  ]
}